Date,Div_growth,DEF = LT Corp. - LT govt.,TERM = ST govt.-LT govt.
193601,0.00199,0.00266,0.005395
193602,0.003113,-0.00269,0.00799
193603,0.003308,-0.002406,0.010458
193604,0.00125,-0.000924,0.003359
193605,0.004499,-4.90E-05,0.003887
193606,0.00385,0.006057,0.001823
193607,0.001788,-0.004869,0.005868
193608,0.004297,-0.004346,0.010921
193609,0.00387,0.009841,-0.003219
193610,0.001659,0.001929,0.000373
193611,0.008851,-0.009431,0.02044
193612,0.006093,-0.002819,0.003802
193701,0.001511,0.003695,-0.001403
193702,0.002874,-0.013125,0.008466
193703,0.003488,0.031027,-0.041285
193704,0.001251,0.0029,0.003543
193705,0.004813,-0.001262,0.004632
193706,0.004485,0.007083,-0.002094
193707,0.001707,-0.009786,0.013498
193708,0.00437,0.008822,-0.010674
193709,0.004588,-0.001974,0.004114
193710,0.001679,0.002455,0.004067
193711,0.012009,-0.002832,0.00935
193712,0.008907,-0.001529,0.008203
193801,0.001791,-0.00193,0.005707
193802,0.004058,-0.004154,0.005128
193803,0.004659,-0.005059,-0.003589
193804,0.002049,-0.007027,0.020848
193805,0.00458,-0.003408,0.004406
193806,0.005373,0.009048,0.000435
193807,0.001593,0.002263,0.004381
193808,0.003361,-0.0019,-4.30E-05
193809,0.003888,0.008634,0.002065
193810,0.001564,-0.000675,0.008575
193811,0.004975,0.005903,-0.001571
193812,0.005398,0.00414,0.008009
193901,0.001342,-0.003668,0.005944
193902,0.00404,-0.001574,0.007896
193903,0.003934,-0.010183,0.012604
193904,0.00162,-0.005309,0.01181
193905,0.004697,-0.011952,0.016992
193906,0.004523,0.006217,-0.002819
193907,0.001686,-0.011894,0.011317
193908,0.004495,-0.019522,-0.020014
193909,0.004464,0.073589,-0.054574
193910,0.001316,-0.016596,0.040953
193911,0.008604,-0.008142,0.016153
193912,0.006746,-0.006564,0.014438
194001,0.0015,0.006601,-0.001708
194002,0.004934,-0.000584,0.00267
194003,0.003997,-0.012551,0.017673
194004,0.001874,-0.00572,-0.003509
194005,0.005907,0.028667,-0.029762
194006,0.005675,-0.013359,0.025762
194007,0.002003,-0.003074,0.005071
194008,0.00663,-0.00209,0.002857
194009,0.004865,-0.00181,0.011013
194010,0.002016,0.001776,0.003101
194011,0.010043,-0.013882,0.020449
194012,0.007725,-0.008926,0.006677
194101,0.001581,0.021083,-0.019992
194102,0.006116,-0.001417,0.002095
194103,0.005739,-0.011666,0.009463
194104,0.001834,-0.005067,0.013001
194105,0.008071,0.002158,0.002693
194106,0.006834,-0.000275,0.006535
194107,0.002224,0.004136,0.001866
194108,0.006895,0.001594,0.001736
194109,0.005075,0.005967,-0.001246
194110,0.002292,-0.010461,0.013967
194111,0.01273,-0.006479,-0.002989
194112,0.009671,0.018671,-0.017818
194201,0.001759,-0.006287,0.006752
194202,0.006394,-0.001934,0.001025
194203,0.006616,-0.002839,0.009056
194204,0.002339,0.00353,-0.002988
194205,0.007912,-0.005481,0.007265
194206,0.007461,0.003105,4.50E-05
194207,0.002459,0.000238,0.00151
194208,0.006584,-0.000251,0.003463
194209,0.005983,0.00167,4.80E-05
194210,0.001944,-0.001823,0.002109
194211,0.010475,0.004114,-0.003788
194212,0.008668,-5.00E-06,0.004623
194301,0.001472,0.001622,0.002977
194302,0.005217,0.001151,-0.000813
194303,0.005006,0.001073,0.000608
194304,0.001567,7.90E-05,0.004528
194305,0.005515,-0.000239,0.004789
194306,0.005115,0.002963,0.001529
194307,0.001508,0.00198,-0.000371
194308,0.004732,-0.000169,0.001773
194309,0.005005,-0.000589,0.000806
194310,0.001133,-0.001393,0.000211
194311,0.008742,-0.00225,-0.000345
194312,0.007098,0.003094,0.001503
194401,0.001365,-0.000106,0.001812
194402,0.005139,0.000199,0.002917
194403,0.004769,0.00271,0.001839
194404,0.00129,0.00206,0.00106
194405,0.006089,-0.002273,0.002525
194406,0.005268,0.001219,0.000492
194407,0.001389,-0.000229,0.003336
194408,0.005292,0.000706,0.002393
194409,0.003906,0.000493,0.001169
194410,0.001465,0.000703,0.000893
194411,0.00905,0.002427,0.002075
194412,0.005696,0.010636,0.003978
194501,0.001236,-0.004996,0.0124
194502,0.004639,-0.003043,0.00744
194503,0.004004,-0.000251,0.001804
194504,0.001204,-0.014001,0.015734
194505,0.005816,-0.006689,0.005325
194506,0.003591,-0.013452,0.016635
194507,0.001217,0.007555,-0.00889
194508,0.00475,-0.002183,0.002289
194509,0.00336,-0.002211,0.005143
194510,0.001127,-0.007153,0.010114
194511,0.007037,-0.009229,0.012302
194512,0.003741,-0.006012,0.019118
194601,0.001147,0.010251,0.002222
194602,0.0036,0.000217,0.002909
194603,0.003319,0.002384,0.000726
194604,0.001081,0.009357,-0.013823
194605,0.004203,0.003134,-0.001529
194606,0.002858,-0.005068,0.006729
194607,0.001522,0.002801,-0.00431
194608,0.004035,0.002376,-0.011437
194609,0.003408,-0.001662,-0.001235
194610,0.00168,-0.005339,0.007076
194611,0.007265,0.002926,-0.005696
194612,0.006965,-0.00313,0.014168
194701,0.001543,0.001121,-0.000919
194702,0.005318,-0.001598,0.00183
194703,0.003966,0.00471,0.001686
194704,0.001773,0.005691,-0.003961
194705,0.006734,-0.001338,0.003059
194706,0.004635,-0.000617,0.000714
194707,0.001988,-0.004225,0.005949
194708,0.00546,-0.015109,0.007854
194709,0.004751,-0.008788,-0.004995
194710,0.001968,-0.006183,-0.004382
194711,0.009772,0.007745,-0.018025
194712,0.007594,0.022012,-0.019959
194801,0.001757,0.000374,0.001298
194802,0.006234,-0.000741,0.003918
194803,0.005699,0.008051,0.002533
194804,0.002135,-0.000666,0.003649
194805,0.005977,-0.013135,0.013349
194806,0.005082,0.000101,-0.009298
194807,0.001445,-0.003087,-0.002935
194808,0.006685,0.00536,-0.00072
194809,0.005255,0.001002,0.001038
194810,0.002855,0.001656,0.00035
194811,0.010626,0.000915,0.007184
194812,0.008669,0.007441,0.005172
194901,0.001932,-0.004337,0.00721
194902,0.007401,-0.001082,0.003999
194903,0.006127,-0.006698,0.006469
194904,0.002567,0.001151,0.000224
194905,0.007055,0.00185,0.000931
194906,0.006481,-0.008169,0.015733
194907,0.001694,0.006533,0.002478
194908,0.008032,-0.00733,0.010191
194909,0.004757,0.003244,-0.002002
194910,0.001776,0.004814,0.000984
194911,0.013924,-3.00E-06,0.001265
194912,0.007514,-0.019587,0.00429
195001,0.001869,0.00988,-0.007044
195002,0.007072,-0.001414,0.001265
195003,0.005228,0.001378,-0.000131
195004,0.001924,-0.003787,0.002138
195005,0.007368,-0.004097,0.002272
195006,0.004736,0.004812,-0.003466
195007,0.001529,0.001344,0.004561
195008,0.010646,0.002401,0.000431
195009,0.00505,0.003364,-0.008251
195010,0.00173,0.003989,-0.005926
195011,0.016716,0.00189,0.002443
195012,0.00685,0.000676,0.000517
195101,0.001957,-0.003859,0.004518
195102,0.006704,0.003012,-0.00843
195103,0.004603,-0.008097,-0.016781
195104,0.001563,0.005384,-0.007525
195105,0.007548,0.005448,-0.008146
195106,0.004272,-0.003159,-0.007313
195107,0.001356,0.006573,0.012471
195108,0.008292,0.001531,0.008509
195109,0.003722,0.002268,-0.009151
195110,0.001912,-0.015505,-0.000537
195111,0.010249,0.007603,-0.01466
195112,0.004989,0.011963,-0.007312
195201,0.00157,0.017034,0.001269
195202,0.007229,-0.009881,0.000243
195203,0.004117,-0.003434,0.009984
195204,0.001688,-0.017177,0.015885
195205,0.007529,0.006472,-0.00465
195206,0.003961,0.001299,-0.001183
195207,0.001496,0.003567,-0.003465
195208,0.007109,0.013384,-0.008445
195209,0.003895,0.011348,-0.014611
195210,0.001639,-0.010715,0.013361
195211,0.009609,0.012359,-0.002586
195212,0.004646,-0.000525,-0.010211
195301,0.001075,-0.009166,-0.000442
195302,0.007323,0.004721,-0.010068
195303,0.003796,0.005559,-0.010631
195304,0.001411,-0.014442,-0.01211
195305,0.007314,0.011926,-0.016443
195306,0.004122,-0.011111,0.020384
195307,0.001544,0.013711,0.002473
195308,0.007348,-0.007756,-0.002412
195309,0.004298,-0.004496,0.028264
195310,0.001584,0.015149,0.006178
195311,0.010084,-0.002372,-0.005706
195312,0.005292,-0.003339,0.019304
195401,0.001214,0.003439,0.00783
195402,0.007267,-0.004067,0.02324
195403,0.003981,-0.001919,0.005046
195404,0.001334,-0.013636,0.009481
195405,0.006542,0.004539,-0.009205
195406,0.003775,-0.009804,0.015664
195407,0.00122,-0.009318,0.012929
195408,0.006645,0.00542,-0.004097
195409,0.003237,0.004975,-0.001837
195410,0.001399,0.00337,-6.80E-05
195411,0.00937,0.005002,-0.003126
195412,0.003646,-0.004684,0.00558
195501,0.000807,0.014766,-0.024898
195502,0.005665,0.001542,-0.008675
195503,0.003249,0.000462,0.007735
195504,0.001004,-0.000183,-0.000958
195505,0.005617,-0.009025,0.005896
195506,0.002917,0.010591,-0.008622
195507,0.000876,0.006193,-0.011219
195508,0.005806,-0.004208,-0.001171
195509,0.002526,0.000303,0.005669
195510,0.001057,-0.006519,0.012572
195511,0.009187,0.001507,-0.006187
195512,0.003145,0.002628,0.001851
195601,0.001349,0.002072,0.006092
195602,0.005203,0.002821,-0.002123
195603,0.002807,0.000294,-0.016381
195604,0.000944,-0.000212,-0.013117
195605,0.005568,-0.016958,0.020192
195606,0.002704,-0.004511,0.000738
195607,0.001295,0.011806,-0.022968
195608,0.005159,-0.002191,-0.020277
195609,0.002452,-0.003737,0.003112
195610,0.001754,-0.005088,-0.007897
195611,0.006932,-0.0069,-0.007769
195612,0.003404,0.009836,-0.020187
195701,0.001404,-0.014378,0.031824
195702,0.005515,0.006781,0.000113
195703,0.003158,0.007418,-0.0047
195704,0.001392,0.015902,-0.024606
195705,0.005521,-0.005232,-0.004824
195706,0.002753,-0.01442,-0.020401
195707,0.001573,-0.006938,-0.007024
195708,0.005195,-0.001075,-0.002339
195709,0.002796,0.001882,0.005023
195710,0.001796,0.007357,-0.007894
195711,0.007103,-0.021063,0.050379
195712,0.003813,0.036713,0.028203
195801,0.001355,0.018496,-0.011176
195802,0.006115,-0.010738,0.008828
195803,0.00343,-0.014662,0.009259
195804,0.001547,-0.002293,0.01781
195805,0.005417,0.003014,-0.001006
195806,0.003221,0.012368,-0.016262
195807,0.001565,0.012868,-0.028461
195808,0.004736,0.012076,-0.043978
195809,0.002928,0.002125,-0.013578
195810,0.001442,-0.003107,0.011988
195811,0.005183,-0.001519,0.010936
195812,0.0028,0.012485,-0.020254
195901,0.000996,0.005272,-0.01006
195902,0.004422,0.00085,0.009839
195903,0.00255,-0.009947,-0.000512
195904,0.00102,-0.005585,-0.013644
195905,0.004246,-0.010856,-0.002733
195906,0.002536,0.003347,-0.001398
195907,0.001033,0.00289,0.003461
195908,0.004072,-0.002691,-0.00597
195909,0.002421,-0.003168,-0.008708
195910,0.001131,0.001441,0.011986
195911,0.005298,0.025675,-0.014387
195912,0.002768,0.006392,-0.019177
196001,0.000945,-0.000478,0.007839
196002,0.004711,-0.007436,0.017475
196003,0.002662,-0.008856,0.024651
196004,0.001057,0.015035,-0.018887
196005,0.004826,-0.017016,0.012403
196006,0.002695,-0.003102,0.014834
196007,0.000929,-0.010663,0.035378
196008,0.005145,0.018555,-0.008373
196009,0.002184,-0.013721,0.005937
196010,0.001215,0.00362,-0.004955
196011,0.005965,-0.000403,-0.007909
196012,0.002304,-0.017026,0.026307
196101,0.001164,0.025776,-0.01255
196102,0.004167,0.000975,0.018546
196103,0.002261,0.000853,-0.005776
196104,0.00076,-0.022849,0.009749
196105,0.004272,0.009534,-0.006359
196106,0.00207,-0.000534,-0.009459
196107,0.000748,0.000536,0.001635
196108,0.004978,0.001977,-0.005177
196109,0.001274,0.001467,0.011218
196110,0.001238,0.00555,0.005243
196111,0.005567,0.00483,-0.00356
196112,0.001319,0.009974,-0.014287
196201,0.00134,0.009423,-0.003812
196202,0.004257,-0.005049,0.008268
196203,0.001424,-0.009977,0.023245
196204,0.000776,0.005949,0.005941
196205,0.005139,-0.004554,0.002169
196206,0.00172,0.004988,-0.009489
196207,0.001308,0.009493,-0.013516
196208,0.005529,-0.00433,0.016329
196209,0.001628,0.002802,0.004009
196210,0.001757,-0.001563,0.005811
196211,0.007213,0.004076,0.000118
196212,0.001809,-0.00119,0.00118
196301,0.001373,0.006001,-0.002598
196302,0.004677,0.001546,-0.001516
196303,0.001684,0.001734,-0.001423
196304,0.001004,-0.003925,-0.003707
196305,0.005325,0.002538,-0.000168
196306,0.001429,0.002363,-0.000329
196307,0.001277,-0.000296,0.000416
196308,0.004649,0.001351,-0.00033
196309,0.001419,-0.002739,-0.002288
196310,0.001432,0.007499,-0.005482
196311,0.006143,-0.003561,0.002366
196312,0.001758,-0.002782,-0.003533
196401,0.001059,0.010074,-0.004304
196402,0.004554,0.006497,-0.003707
196403,0.001669,-0.009853,0.000561
196404,0.000936,-0.000672,0.00174
196405,0.004872,0.000677,0.002459
196406,0.001667,-0.002086,0.00384
196407,0.000991,0.004439,-0.002206
196408,0.004309,0.001705,-0.000843
196409,0.001688,-0.002839,0.002145
196410,0.001139,0.000681,0.001383
196411,0.005762,-0.002089,-0.001202
196412,0.001751,0.005783,-0.000117
196501,0.000983,0.004086,0.001167
196502,0.004312,-0.000495,-0.00158
196503,0.001713,-0.004143,0.00177
196504,0.000915,-0.001543,0.000594
196505,0.004752,-0.002572,-0.001332
196506,0.001723,-0.004413,0.001197
196507,0.000888,-0.000297,-0.000899
196508,0.00475,0.000691,-0.004575
196509,0.001595,0.001886,-0.006488
196510,0.001059,0.001885,-0.000436
196511,0.006026,0.000523,-0.009684
196512,0.001569,-0.007196,-0.011036
196601,0.000891,0.012712,-0.014115
196602,0.004393,0.014051,-0.028375
196603,0.001823,-0.034518,0.025696
196604,0.000983,0.007618,-0.009657
196605,0.004944,0.00336,-0.010025
196606,0.001746,0.004577,-0.005307
196607,0.000961,-0.006133,-0.007207
196608,0.005324,-0.005391,-0.024621
196609,0.001737,-0.024607,0.029105
196610,0.001123,0.003215,0.018197
196611,0.00691,0.013044,-0.01875
196612,0.001801,-0.02037,0.037143
196701,0.001453,0.029136,0.011054
196702,0.004688,0.002025,-0.025558
196703,0.001802,-0.00794,0.015837
196704,0.000912,0.02268,-0.032263
196705,0.004924,-0.021604,-0.00719
196706,0.001562,0.009187,-0.033769
196707,0.000912,-0.002707,0.003663
196708,0.004791,0.007796,-0.011506
196709,0.001411,0.009854,-0.003642
196710,0.001217,0.012385,-0.043757
196711,0.005337,-0.007701,-0.023119
196712,0.001496,-0.006391,0.015828
196801,0.001499,0.003212,0.028625
196802,0.004483,0.007043,-0.007166
196803,0.001376,0.001492,-0.024868
196804,0.001418,-0.01748,0.018305
196805,0.004547,-0.001078,-0.000176
196806,0.00149,-0.010558,0.018671
196807,0.001138,0.005038,0.02403
196808,0.004543,0.020896,-0.004492
196809,0.001247,0.004981,-0.014426
196810,0.001574,-0.002807,-0.017518
196811,0.004377,0.004409,-0.031003
196812,0.00149,0.013458,-0.040373
196901,0.001014,0.035183,-0.025692
196902,0.004242,-0.020083,-0.00044
196903,0.001444,-0.021008,-0.003594
196904,0.001181,-0.008782,0.037128
196905,0.004799,0.027677,-0.053594
196906,0.001571,-0.017561,0.016235
196907,0.001201,-0.007368,0.002597
196908,0.004973,0.004914,-0.011869
196909,0.001577,0.03032,-0.058958
196910,0.001867,-0.022985,0.030379
196911,0.004514,-0.023328,-0.029345
196912,0.00179,-0.006615,-0.01318
197001,0.001265,0.016275,-0.008135
197002,0.005055,-0.017566,0.052194
197003,0.00184,0.002296,-0.012414
197004,0.001075,0.017023,-0.04613
197005,0.005585,0.032041,-0.051836
197006,0.002305,-0.046287,0.04258
197007,0.002037,0.022922,0.026575
197008,0.005452,0.011943,-0.00722
197009,0.001935,-0.008689,0.017326
197010,0.002242,0.001274,-0.015389
197011,0.005094,-0.019203,0.07423
197012,0.001754,0.045976,-0.01257
197101,0.001258,0.00251,0.046562
197102,0.0045,-0.020626,-0.019562
197103,0.001806,-0.025478,0.049493
197104,0.001032,0.004847,-0.030984
197105,0.004328,-0.015519,-0.003513
197106,0.001734,0.026998,-0.019532
197107,0.001034,-0.005446,-0.001053
197108,0.004845,0.00794,0.042211
197109,0.001475,-0.029945,0.016619
197110,0.001664,0.011331,0.012956
197111,0.004434,0.007606,-0.008363
197112,0.0017,0.0178,0.00073
197201,0.001214,0.003069,-0.009203
197202,0.004077,0.001878,0.006309
197203,0.001475,0.010667,-0.010877
197204,0.000782,0.000786,-0.000167
197205,0.004415,-0.010454,0.023951
197206,0.001516,-0.000342,-0.009368
197207,0.001056,-0.018162,0.018373
197208,0.004109,0.004334,-5.00E-06
197209,0.001414,0.011455,-0.011633
197210,0.001318,-0.013032,0.019384
197211,0.004459,0.002233,0.018838
197212,0.00134,0.023059,-0.026576
197301,0.001236,0.027585,-0.036311
197302,0.003826,0.000901,-0.002741
197303,0.001383,-0.003667,0.003622
197304,0.001209,0.001542,-0.000657
197305,0.004571,0.006629,-0.015459
197306,0.001704,-0.003497,-0.007217
197307,0.001471,-0.004474,-0.049397
197308,0.004651,-0.003412,0.031926
197309,0.001314,0.003692,0.024801
197310,0.00179,-0.027532,0.014906
197311,0.005162,0.026545,-0.023705
197312,0.001973,-0.000686,-0.014507
197401,0.001628,0.003005,-0.014453
197402,0.005074,0.003318,-0.008174
197403,0.001875,-0.001576,-0.034552
197404,0.001759,-0.009059,-0.032567
197405,0.005638,-0.001746,0.004697
197406,0.002416,-0.032818,-0.001551
197407,0.001822,-0.018253,-0.009878
197408,0.007127,-0.003655,-0.02901
197409,0.002484,-0.007152,0.016527
197410,0.003178,0.037731,0.043649
197411,0.007498,-0.017338,0.02403
197412,0.003203,-0.024228,0.010097
197501,0.001963,0.036312,0.016552
197502,0.007116,0.000546,0.008761
197503,0.002673,0.002065,-0.030718
197504,0.00207,0.013231,-0.022469
197505,0.005842,-0.010393,0.016784
197506,0.002483,0.001172,0.025003
197507,0.001947,0.00574,-0.013471
197508,0.005635,-0.010773,-0.01155
197509,0.002438,-0.002818,-0.014998
197510,0.002603,0.007456,0.041703
197511,0.005638,0.002103,-0.014917
197512,0.002597,0.004958,0.034034
197601,0.001636,0.009688,0.004324
197602,0.005422,-5.20E-05,0.00277
197603,0.002401,0.000139,0.012492
197604,0.001232,-0.003339,-0.002339
197605,0.006232,0.005619,-0.019501
197606,0.002323,-0.005648,0.016346
197607,0.00142,0.00706,0.003114
197608,0.006233,0.001912,0.016869
197609,0.002079,0.002167,0.01009
197610,0.001883,-0.001374,0.004285
197611,0.007059,-0.001893,0.029776
197612,0.002219,0.001914,0.028565
197701,0.001663,0.008822,-0.042222
197702,0.006273,0.002934,-0.008404
197703,0.002514,0.000288,0.005325
197704,0.001356,0.002903,0.003309
197705,0.007569,-0.001884,0.008761
197706,0.002633,0.001057,0.012391
197707,0.001334,0.006556,-0.011134
197708,0.007242,-0.006085,0.015323
197709,0.002558,0.000652,-0.007152
197710,0.002061,0.005562,-0.014167
197711,0.008738,-0.003202,0.004309
197712,0.002671,0.006387,-0.021542
197801,0.00204,-0.000877,-0.012861
197802,0.007764,0.004688,-0.004169
197803,0.003125,0.006283,-0.007319
197804,0.001652,-0.001821,-0.005806
197805,0.00815,-0.004999,-0.010863
197806,0.002985,0.008573,-0.011527
197807,0.001909,-0.00412,0.00864
197808,0.007233,0.003844,0.016132
197809,0.00256,0.005842,-0.016666
197810,0.002697,-0.00052,-0.026615
197811,0.008419,-0.00536,0.01178
197812,0.003071,-0.000263,-0.020702
197901,0.002593,-0.000704,0.01131
197902,0.007351,0.000672,-0.020656
197903,0.003124,-0.002258,0.004766
197904,0.002123,0.006132,-0.019027
197905,0.008325,-0.003214,0.017812
197906,0.003014,-0.00411,0.022832
197907,0.002295,0.005499,-0.016045
197908,0.00781,0.004191,-0.011116
197909,0.00235,-0.005743,-0.020303
197910,0.002913,-0.005364,-0.091982
197911,0.008183,-0.008689,0.021059
197912,0.002981,-0.016433,-0.003767
198001,0.002395,0.010357,-0.081409
198002,0.007111,-0.02076,-0.05508
198003,0.003028,0.02608,-0.042996
198004,0.002514,-0.012797,0.138058
198005,0.007811,0.013557,0.033509
198006,0.003267,-0.001693,0.029561
198007,0.002462,0.004935,-0.052603
198008,0.0066,-0.00139,-0.049243
198009,0.002914,0.002526,-0.033442
198010,0.00285,0.010671,-0.035458
198011,0.006277,-0.008234,0.000442
198012,0.00261,-0.01,0.021799
198101,0.001795,-0.001497,-0.021665
198102,0.006767,0.017408,-0.053667
198103,0.003135,-0.007051,0.026031
198104,0.00184,-0.026523,-0.061841
198105,0.00655,-0.002533,0.050069
198106,0.003208,0.020599,-0.030987
198107,0.001807,-0.00198,-0.047104
198108,0.007189,0.004254,-0.050744
198109,0.003,-0.00549,-0.0266
198110,0.003355,-0.028443,0.070003
198111,0.007062,-0.012535,0.12895
198112,0.003011,0.01431,-0.079335
198201,0.001776,-0.0174,-0.003351
198202,0.008044,0.012772,0.008876
198203,0.004059,0.007337,0.013163
198204,0.001893,-0.003412,0.025756
198205,0.008981,0.021026,-0.007109
198206,0.003533,-0.025079,-0.031551
198207,0.002319,0.003694,0.039202
198208,0.009702,0.005209,0.069928
198209,0.00313,0.00044,0.056426
198210,0.002857,0.011722,0.057195
198211,0.007421,0.020304,-0.006501
198212,0.002504,-0.019763,0.024277
198301,0.002218,0.022186,-0.037507
198302,0.006499,-0.006067,0.042715
198303,0.003165,0.016747,-0.015617
198304,0.001425,0.019173,0.02762
198305,0.005752,0.006428,-0.045175
198306,0.003193,-0.008471,-0.002739
198307,0.001386,0.003301,-0.05563
198308,0.005812,0.003097,-0.005577
198309,0.003144,-0.010724,0.042534
198310,0.001849,0.010802,-0.020614
198311,0.005854,-0.004072,0.011233
198312,0.00317,0.002585,-0.013044
198401,0.002022,0.00258,0.016642
198402,0.005323,0.000611,-0.02476
198403,0.003597,-0.007985,-0.022754
198404,0.001843,0.003285,-0.018538
198405,0.005862,0.00349,-0.058985
198406,0.004151,0.004855,0.007382
198407,0.002075,-0.010003,0.060615
198408,0.006383,0.003952,0.018186
198409,0.003131,-0.002756,0.025442
198410,0.00311,0.001054,0.045675
198411,0.00493,0.00929,0.004433
198412,0.003704,0.003704,0.002619
198501,0.002363,-0.003764,0.029734
198502,0.005031,0.012612,-0.054754
198503,0.003372,-0.012404,0.024375
198504,0.001898,0.005241,0.016949
198505,0.005429,-0.006949,0.08239
198506,0.00323,-0.005795,0.008583
198507,0.002142,0.005988,-0.024076
198508,0.005212,0.000107,0.020276
198509,0.002929,0.009209,-0.00809
198510,0.00265,-0.000828,0.027092
198511,0.004937,-0.003013,0.033846
198512,0.003133,-0.006808,0.047265
198601,0.001993,0.007048,-0.008075
198602,0.004746,-0.035303,0.108675
198603,0.002678,-0.0477,0.070598
198604,0.001882,0.009667,-0.01313
198605,0.0041,0.035946,-0.055192
198606,0.002848,-0.037259,0.055806
198607,0.001962,0.014052,-0.015917
198608,0.004124,-0.021361,0.045119
198609,0.002417,0.040643,-0.054266
198610,0.002735,-0.009713,0.024137
198611,0.004681,-0.003322,0.022718
198612,0.002842,0.013474,-0.006592
198701,0.001716,0.00544,0.011873
198702,0.003746,-0.014095,0.015797
198703,0.002618,0.013858,-0.02683
198704,0.002117,-0.003044,-0.051512
198705,0.003564,0.005387,-0.014236
198706,0.002684,0.005652,0.00495
198707,0.002093,0.006038,-0.022301
198708,0.00357,0.0091,-0.021062
198709,0.002207,-0.005534,-0.041205
198710,0.002209,-0.010903,0.055975
198711,0.004539,0.008777,0.000238
198712,0.003255,0.00459,0.012571
198801,0.001935,-0.014012,0.063517
198802,0.006252,0.008536,0.00066
198803,0.002805,0.012246,-0.034923
198804,0.001975,0.001108,-0.020511
198805,0.004676,0.004526,-0.015156
198806,0.002873,0.00102,0.031835
198807,0.002691,0.005961,-0.021921
198808,0.004685,-0.000381,-0.000154
198809,0.002744,-0.001815,0.028137
198810,0.003521,-0.003349,0.024502
198811,0.005126,0.002785,-0.02515
198812,0.00363,-0.006992,0.004599
198901,0.003065,-0.000124,0.014732
198902,0.003987,0.005112,-0.023904
198903,0.002963,-0.005767,0.005495
198904,0.002095,0.005319,0.009087
198905,0.005139,-0.002132,0.031993
198906,0.002681,-0.014708,0.047586
198907,0.002434,-0.005839,0.016707
198908,0.004163,0.009814,-0.033008
198909,0.002648,0.002062,-0.004581
198910,0.002211,-0.009962,0.030966
198911,0.00373,-0.000804,0.000938
198912,0.0029,0.001231,-0.006659
199001,0.001973,0.015719,-0.039725
199002,0.004227,0.001273,-0.008103
199003,0.002637,0.003294,-0.010752
199004,0.002462,0.001123,-0.026888
199005,0.004617,-0.002902,0.034518
199006,0.002682,-0.001416,0.016694
199007,0.002302,-0.000468,0.003876
199008,0.004074,0.013203,-0.048106
199009,0.002355,-0.002553,0.005665
199010,0.002711,-0.008149,0.014606
199011,0.004546,-0.011249,0.034356
199012,0.003445,-0.001914,0.012586
199101,0.00225,0.00194,0.007818
199102,0.004285,0.009033,-0.001719
199103,0.002314,0.006963,-0.000578
199104,0.002303,-0.000226,0.008648
199105,0.003818,0.003851,-0.00465
199106,0.002382,0.004549,-0.010447
199107,0.001937,0.00094,0.010808
199108,0.003792,-0.006326,0.029296
199109,0.002258,-0.003149,0.025669
199110,0.001738,-0.001132,0.001187
199111,0.003562,0.002381,0.004267
199112,0.002849,-0.013686,0.054084
199201,0.001479,0.015616,-0.03568
199202,0.003356,0.004471,0.002272
199203,0.002495,0.002073,-0.012686
199204,0.001702,1.10E-05,-0.001655
199205,0.003391,0.001114,0.021442
199206,0.002619,-0.004318,0.016749
199207,0.001669,-0.008635,0.036588
199208,0.003434,0.002296,0.004073
199209,0.002349,-0.008488,0.015932
199210,0.001567,0.004295,-0.022046
199211,0.003539,0.005897,-0.001345
199212,0.002423,-0.001764,0.021723
199301,0.001461,-0.002955,0.025643
199302,0.003035,-0.009454,0.033106
199303,0.002673,0.000373,-0.000411
199304,0.001456,-0.001974,0.004805
199305,0.003328,-0.002645,0.002484
199306,0.002421,-0.0149,0.042223
199307,0.001488,-0.008978,0.016708
199308,0.003251,-0.01407,0.040774
199309,0.002205,0.003775,-0.002034
199310,0.001487,-0.004491,0.007409
199311,0.003208,0.007264,-0.028296
199312,0.002234,0.00472,-0.000293
199401,0.001569,-0.005393,0.02317
199402,0.002871,0.017128,-0.046978
199403,0.002342,0.001247,-0.042079
199404,0.00164,0.005419,-0.0177
199405,0.00336,0.002053,-0.011351
199406,0.002429,0.001967,-0.013124
199407,0.00154,-0.005241,0.033488
199408,0.003254,0.005515,-0.01221
199409,0.002241,0.006799,-0.036599
199410,0.001719,-0.002556,-0.006267
199411,0.003122,-0.00478,0.00291
199412,0.002698,-0.00036,0.011584
199501,0.001816,-0.001644,0.023038
199502,0.002877,0.000231,0.024581
199503,0.002406,0.000351,0.004506
199504,0.001638,0.000554,0.012431
199505,0.003143,-0.014762,0.073281
199506,0.002154,-0.005901,0.009126
199507,0.002123,0.006785,-0.021197
199508,0.00287,-0.002163,0.018861
199509,0.001951,-0.002145,0.013118
199510,0.001535,-0.010596,0.024578
199511,0.002838,-0.000707,0.020637
199512,0.002058,-0.004272,0.022197
199601,0.001523,0.00248,-0.005332
199602,0.002418,0.011505,-0.051956
199603,0.001928,0.008167,-0.02484
199604,0.001429,0.000521,-0.020995
199605,0.002634,0.005976,-0.009635
199606,0.001757,-0.00302,0.016217
199607,0.001675,-0.000756,-0.002727
199608,0.002387,0.007028,-0.017978
199609,0.001947,-0.002993,0.024497
199610,0.001602,-0.00411,0.035978
199611,0.002308,-0.008458,0.030861
199612,0.001904,0.00716,-0.030058
199701,0.001234,0.005167,-0.012374
199702,0.002038,0.002285,-0.003333
199703,0.001869,0.003187,-0.029372
199704,0.001397,-0.006946,0.021125
199705,0.002128,0.003077,0.004736
199706,0.001571,-0.000762,0.015726
199707,0.001521,-0.00918,0.058016
199708,0.001585,0.008003,-0.03571
199709,0.001618,-0.008715,0.02703
199710,0.001244,-0.014491,0.029741
199711,0.001764,-0.004633,0.010839
199712,0.001722,-0.002101,0.013608
199801,0.000995,-0.006202,0.015672
199802,0.001753,0.006531,-0.011048
199803,0.001441,0.001317,-0.001461
199804,0.001154,0.00268,-0.001683
199805,0.00152,-0.001515,0.014149
199806,0.00139,-0.011054,0.018641
199807,0.001137,-0.001636,-0.007941
199808,0.001537,-0.035899,0.04198
199809,0.001731,0.001778,0.034716
199810,0.001187,0.002908,-0.025006
199811,0.001648,0.017167,0.006583
199812,0.001527,0.004276,-0.006946
199901,0.000958,0.000126,0.008553
199902,0.001443,0.01255,-0.055321
199903,0.001501,0.001054,-0.005041
199904,0.001002,-0.004492,-0.001621
199905,0.002042,0.000895,-0.021796
199906,0.001299,-0.008302,-0.011668
199907,0.001071,-0.003648,-0.011442
199908,0.001418,0.002649,-0.009118
199909,0.001482,0.000882,0.004539
199910,0.000982,0.005913,-0.005038
199911,0.001526,0.003731,-0.009666
199912,0.001423,0.005349,-0.019743
200001,0.000891,-0.024363,0.018609
200002,0.001533,-0.016729,0.021971
200003,0.001447,-0.019023,0.031829
200004,0.001173,-0.003924,-0.012109
200005,0.00162,-0.010679,-0.010436
200006,0.001043,0.008005,0.02033
200007,0.000989,0.000648,0.012395
200008,0.001664,-0.010287,0.018905
200009,0.001024,0.020678,-0.020682
200010,0.000935,-0.013986,0.013056
200011,0.001635,-0.005424,0.026649
200012,0.001229,0.002658,0.019113
200101,0.000987,0.035337,-0.004818
200102,0.001413,-0.006252,0.015295
200103,0.001132,0.004529,-0.011531
200104,0.001224,0.019065,-0.035095
200105,0.001686,0.009446,0.000511
200106,0.000897,-0.00295,0.005685
200107,0.00119,-0.001414,0.034425
200108,0.001673,-0.004819,0.017427
200109,0.001318,-0.023113,0.005297
200110,0.001194,-0.002544,0.044052
200111,0.001716,0.029728,-0.048789
200112,0.001517,0.009516,-0.019758
200201,0.001163,0.003614,0.012396
200202,0.001662,0.001536,0.010181
200203,0.001103,0.014778,-0.044889
200204,0.001078,-0.015048,0.039369
200205,0.001717,0.009803,4.40E-05
200206,0.001433,-0.01123,0.017415
200207,0.001395,-0.020326,0.028709
200208,0.001795,-0.001103,0.044903
200209,0.001645,-0.008351,0.040179
200210,0.001642,0.005583,-0.030706
200211,0.001938,0.022739,-0.013316
200212,0.00191,-0.013902,0.049531
200301,0.001419,0.01283,-0.011577
200302,0.002045,-0.006368,0.032039
200303,0.001633,0.005602,-0.014513
200304,0.001909,0.012642,0.00919
200305,0.002001,-0.0114,0.0582
200306,0.001812,0.0011,-0.0164
200307,0.001599,0.0112,-0.0988
200308,0.00176,0.0052,0.0159
200309,0.001766,-0.0041,0.0538
200310,0.001636,0.0082,-0.029
200311,0.001852,0.0025,0.0019
200312,0.001975,0,0.0131
200401,0.001232,6.9E-05,0.017976
200402,0.001763,0.005151,0.017217
200403,0.001563,0.002338,0.010894
200404,0.001644,-0.005372,-0.054222
200405,0.001974,0.002082,-0.007745
200406,0.001854,0.002787,0.008509
200407,0.001315,0.004937,0.017464
200408,0.001846,-3.8E-05,0.038393
200409,0.001698,-0.000469,0.00895
200410,0.001501,-0.001028,0.015254
200411,0.001962,-0.003391,-0.021532
200412,0.002001,0.010683761,0.005129
200501,0.001026,0,-0.001498
200502,0.002068,0.010570825,-0.006155
200503,0.001882,-0.027196653,-0.006277
200504,0.001671,-0.004301075,-0.003034
200505,0.002008,0.019438445,0.004279
200506,0.001858,0.01059322,0.001288
200507,0.001305,0.01048218,-0.005235
200508,0.002054,0.002074689,-0.000222
200509,0.001467,-0.00621118,-0.01228
200510,0.001181,-0.004166667,-0.000914
200511,0.002575,0.008368201,0.011025
200512,0.001798,0.010373444,0.007715
200601,0.00108,0.008213552,-0.005685
200602,0.002166,0.00814664,0.000121
200603,0.001685,-0.002020202,-0.002903
200604,0.001771,0.004048583,-0.0054
200605,0.002227,-0.004032258,-0.002335
200606,0.001718,-0.004048583,0.000483
200607,0.00123,0.008130081,0.002852
200608,0.002303,0.014112903,0.003251
200609,0.001496,0.011928429,0.009295
200610,0.001236,0.009823183,0.009386
200611,0.002662,0.015564202,0.005705
200612,0.001923,0.009578544,0.000796
200701,0.001098,0.0056926,0.000942
200702,0.002247,0.01509434,-0.000287
200703,0.001673,0.001858736,-0.005202
200704,0.001622,0.012987013,-0.003093
200705,0.002573,0.005494505,-0.003573
200706,0.001524,-0.023679417,0.002308
200707,0.001095,-0.031716418,0.006575
200708,0.00218,0.01734104,0.008836
200709,0.001757,0.028409091,0.002691
200710,0.001267,0.005524862,0.001428
200711,0.002192,-0.02014652,0.005448
200712,0.002248,0.005607477,0.001818
200801,0.001308,-0.007434944,0.00809
200802,0.002174,-0.014981273,0.002495
200803,0.001956,-0.001901141,-0.005781
200804,0.001579,0.036190476,-0.009003
200805,0.002578,-0.001838235,-0.009525
200806,0.002016,-0.02946593,-0.008799